"7","588","CATCH-22","Joseph","Heller","bookman_librarians","82","bbc_the_big_read","91","modern_library_readers","89","modern_library_board","94","npr_beach_books","76","good_reads","88","harvard_bookstore","68"
"7","588","THE GREAT GATSBY","F. Scott","Fitzgerald","bookman_librarians","91","bbc_the_big_read","61","modern_library_readers","88","modern_library_board","99","npr_beach_books","94","good_reads","98","harvard_bookstore","57"
"6","402","THE CATCHER IN THE RYE","J.D.","Salinger","bookman_librarians","95","bbc_the_big_read","87","modern_library_readers","82","modern_library_board","37","npr_beach_books","86","good_reads","15"
"5","494","PRIDE AND PREJUDICE","Jane","Austen","bookman_librarians","100","bbc_the_big_read","99","npr_beach_books","96","good_reads","100","harvard_bookstore","99"
"5","469","THE LORD OF THE RINGS","J.R.R.","Tolkien","bookman_librarians","96","bbc_the_big_read","100","modern_library_readers","97","npr_beach_books","83","harvard_bookstore","93"
"5","468","TO KILL A MOCKINGBIRD","Harper","Lee","bookman_librarians","99","bbc_the_big_read","96","modern_library_readers","96","npr_beach_books","99","harvard_bookstore","78"
"5","396","LOLITA","Vladimir","Nabokov","modern_library_readers","67","modern_library_board","97","npr_beach_books","43","good_reads","95","harvard_bookstore","94"
"5","389","ONE HUNDRED YEARS OF SOLITUDE","Gabriel Garcia","Marquez","bookman_librarians","69","bbc_the_big_read","72","npr_beach_books","66","good_reads","85","harvard_bookstore","97"
"5","363","THE GRAPES OF WRATH","John","Steinbeck","bookman_librarians","31","bbc_the_big_read","75","modern_library_readers","79","modern_library_board","91","good_reads","87"
"5","307","THE HITCHHIKER'S GUIDE TO THE GALAXY","Douglas","Adams","bookman_librarians","6","bbc_the_big_read","97","modern_library_readers","50","npr_beach_books","93","harvard_bookstore","61"
"4","387","JANE EYRE","Charlotte","Brontë","bookman_librarians","98","bbc_the_big_read","92","good_reads","97","harvard_bookstore","100"
"4","376","1984","George","Orwell","bbc_the_big_read","94","modern_library_readers","95","modern_library_board","88","good_reads","99"
"4","339","GONE WITH THE WIND","Margaret","Mitchell","bookman_librarians","97","bbc_the_big_read","80","modern_library_readers","77","npr_beach_books","85"
"4","323","A PRAYER FOR OWEN MEANY","John","Irving","bookman_librarians","93","bbc_the_big_read","76","modern_library_readers","73","harvard_bookstore","81"
"4","299","THE SOUND AND THE FURY","William","Faulkner","modern_library_readers","68","modern_library_board","95","good_reads","77","harvard_bookstore","59"
"4","296","TO THE LIGHTHOUSE","Virginia","Woolf","modern_library_readers","53","modern_library_board","86","good_reads","62","harvard_bookstore","95"
"4","293","LITTLE WOMEN","Louisa May","Alcott","bookman_librarians","94","bbc_the_big_read","84","npr_beach_books","50","harvard_bookstore","65"
"4","290","ULYSSES","James","Joyce","bbc_the_big_read","26","modern_library_readers","90","modern_library_board","100","good_reads","74"
"4","287","BRAVE NEW WORLD","Aldous","Huxley","bbc_the_big_read","17","modern_library_readers","83","modern_library_board","96","good_reads","91"
"4","273","ANNA KARENINA","Leo","Tolstoy","bbc_the_big_read","50","npr_beach_books","59","good_reads","89","harvard_bookstore","75"
"4","273","INVISIBLE MAN","Ralph","Ellison","modern_library_readers","32","modern_library_board","82","good_reads","67","harvard_bookstore","92"
"4","271","SLAUGHTERHOUSE-FIVE","Kurt","Vonnegut","bookman_librarians","26","modern_library_readers","78","modern_library_board","83","good_reads","84"
"4","265","WUTHERING HEIGHTS","Emily","Brontë","bookman_librarians","58","bbc_the_big_read","90","npr_beach_books","25","good_reads","92"
"4","264","THE HEART IS A LONELY HUNTER","Carson","McCullers","modern_library_readers","49","modern_library_board","84","good_reads","65","harvard_bookstore","66"
"4","264","THE STAND","Stephen","King","bookman_librarians","92","bbc_the_big_read","51","modern_library_readers","72","npr_beach_books","49"
"4","257","ALICE'S ADVENTURES IN WONDERLAND","Lewis","Carroll","bookman_librarians","55","bbc_the_big_read","74","npr_beach_books","44","harvard_bookstore","84"
"4","248","THE COUNT OF MONTE CRISTO","Alexandre","Dumas","bookman_librarians","44","bbc_the_big_read","60","npr_beach_books","54","good_reads","90"
"4","197","I, CLAUDIUS","Robert","Graves","modern_library_readers","27","modern_library_board","87","good_reads","57","harvard_bookstore","26"
"4","197","LORD OF THE FLIES","William","Golding","bbc_the_big_read","34","modern_library_readers","76","modern_library_board","60","npr_beach_books","27"
"4","154","BRIDESHEAD REVISITED","Evelyn","Waugh","bbc_the_big_read","59","modern_library_readers","13","modern_library_board","21","good_reads","61"
"3","258","HARRY POTTER","J.K.","Rowling","bbc_the_big_read","82","npr_beach_books","100","harvard_bookstore","76"
"3","248","BELOVED","Toni","Morrison","bookman_librarians","87","modern_library_readers","70","harvard_bookstore","91"
"3","230","DAVID COPPERFIELD","Charles","Dickens","bookman_librarians","89","bbc_the_big_read","70","good_reads","71"
"3","230","THE ADVENTURES OF HUCKLEBERRY FINN","Mark","Twain","bookman_librarians","56","npr_beach_books","80","good_reads","94"
"3","229","REBECCA","Daphne Du","Maurier","bookman_librarians","76","bbc_the_big_read","88","npr_beach_books","65"
"3","227","THE HOBBIT","J.R.R.","Tolkien","bookman_librarians","61","bbc_the_big_read","79","npr_beach_books","87"
"3","225","TESS OF THE D'URBERVILLES","Thomas","Hardy","bookman_librarians","84","bbc_the_big_read","78","good_reads","63"
"3","210","THE PILLARS OF THE EARTH","Ken","Follett","bookman_librarians","79","bbc_the_big_read","71","npr_beach_books","60"
"3","209","ANIMAL FARM","George","Orwell","bbc_the_big_read","58","modern_library_readers","81","modern_library_board","70"
"3","209","CRIME AND PUNISHMENT","Fyodor","Dostoyevsky","bbc_the_big_read","44","good_reads","96","harvard_bookstore","69"
"3","209","MIDDLEMARCH","George","Eliot","bbc_the_big_read","77","good_reads","49","harvard_bookstore","83"
"3","199","DUNE","Frank","Herbert","bbc_the_big_read","65","modern_library_readers","87","npr_beach_books","47"
"3","197","THE WORLD ACCORDING TO GARP","John","Irving","bookman_librarians","83","modern_library_readers","37","npr_beach_books","77"
"3","194","THE SCARLET LETTER","Nathaniel","Hawthorne","bookman_librarians","72","good_reads","75","harvard_bookstore","47"
"3","186","THE CHRONICLES OF NARNIA","C.S.","Lewis","bookman_librarians","59","bbc_the_big_read","93","harvard_bookstore","34"
"3","186","THE OLD MAN AND THE SEA","Ernest","Hemingway","bookman_librarians","73","npr_beach_books","35","good_reads","78"
"3","183","EAST OF EDEN","John","Steinbeck","bookman_librarians","38","npr_beach_books","69","good_reads","76"
"3","181","A TALE OF TWO CITIES","Charles","Dickens","bookman_librarians","57","bbc_the_big_read","41","good_reads","83"
"3","179","UNDER THE VOLCANO","Malcolm","Lowry","modern_library_readers","62","modern_library_board","90","good_reads","27"
"3","168","THE FOUNTAINHEAD","Ayn","Rand","bookman_librarians","35","modern_library_readers","99","npr_beach_books","34"
"3","166","THE HANDMAID'S TALE","Margaret","Atwood","bookman_librarians","30","modern_library_readers","48","harvard_bookstore","88"
"3","162","THE SHELL SEEKERS","Rosamunde","Pilcher","bookman_librarians","85","bbc_the_big_read","54","npr_beach_books","23"
"3","147","OF MICE AND MEN","John","Steinbeck","bookman_librarians","2","bbc_the_big_read","52","good_reads","93"
"3","142","ENDER'S GAME","Orson Scott","Card","bookman_librarians","36","modern_library_readers","42","npr_beach_books","64"
"3","140","THE AGE OF INNOCENCE","Edith","Wharton","bookman_librarians","86","modern_library_board","43","harvard_bookstore","11"
"3","128","PALE FIRE","Vladimir","Nabokov","modern_library_board","48","good_reads","43","harvard_bookstore","37"
"3","127","MY ANTONIA","Willa","Cather","bookman_librarians","74","modern_library_readers","7","good_reads","46"
"3","125","WATERSHIP DOWN","Richard","Adams","bbc_the_big_read","62","modern_library_readers","22","harvard_bookstore","41"
"3","124","THE SUN ALSO RISES","Ernest","Hemingway","modern_library_readers","38","modern_library_board","56","npr_beach_books","30"
"3","119","ON THE ROAD","Jack","Kerouac","bbc_the_big_read","14","modern_library_readers","59","modern_library_board","46"
"3","118","THE THORN BIRDS","Colleen","McCullough","bookman_librarians","16","bbc_the_big_read","40","npr_beach_books","62"
"3","115","TROPIC OF CANCER","Henry","Miller","modern_library_readers","33","modern_library_board","51","good_reads","31"
"3","114","FOR WHOM THE BELL TOLLS","Ernest","Hemingway","bookman_librarians","11","good_reads","70","harvard_bookstore","33"
"3","106","LIGHT IN AUGUST","William","Faulkner","modern_library_readers","12","modern_library_board","47","good_reads","47"
"3","88","MIDNIGHT'S CHILDREN","Salman","Rushdie","bbc_the_big_read","4","modern_library_board","11","harvard_bookstore","73"
"3","75","THE MAGUS","John","Fowles","bbc_the_big_read","37","modern_library_readers","30","modern_library_board","8"
"2","165","HIS DARK MATERIALS","Philip","Pullman","bbc_the_big_read","98","harvard_bookstore","67"
"2","164","ATLAS SHRUGGED","Ayn","Rand","bookman_librarians","64","modern_library_readers","100"
"2","163","WAR AND PEACE","Leo","Tolstoy","bbc_the_big_read","81","good_reads","82"
"2","162","GREAT EXPECTATIONS","Charles","Dickens","bbc_the_big_read","85","harvard_bookstore","77"
"2","153","PRINCE OF TIDES","Pat","Conroy","bookman_librarians","78","npr_beach_books","75"
"2","153","THE MASTER AND MARGARITA","Mikhail","Bulgakov","good_reads","68","harvard_bookstore","85"
"2","151","A TOWN LIKE ALICE","Nevil","Shute","bbc_the_big_read","67","modern_library_readers","84"
"2","148","THE AMAZING ADVENTURES OF KAVALIER & CLAY","Michael","Chabon","npr_beach_books","61","harvard_bookstore","87"
"2","144","SONS AND LOVERS","D.H.","Lawrence","modern_library_board","92","good_reads","52"
"2","142","A PORTRAIT OF THE ARTIST AS A YOUNG MAN","James","Joyce","modern_library_readers","44","modern_library_board","98"
"2","140","THE WIND IN THE WILLOWS","Kenneth","Grahame","bookman_librarians","54","bbc_the_big_read","86"
"2","137","THE NAME OF THE ROSE","Umberto","Eco","bookman_librarians","68","good_reads","69"
"2","136","DIVINE SECRETS OF THE YA-YA SISTERHOOD","Rebecca","Wells","bookman_librarians","41","npr_beach_books","95"
"2","132","FICCIONES","Jorge Luis","Borges","good_reads","42","harvard_bookstore","90"
"2","132","THE BEAN TREES","Barbara","Kingsolver","bookman_librarians","53","npr_beach_books","79"
"2","131","BREAKFAST OF CHAMPIONS","Kurt","Vonnegut","npr_beach_books","33","harvard_bookstore","98"
"2","128","A CONFEDERACY OF DUNCES","John Kennedy","Toole","npr_beach_books","70","good_reads","58"
"2","126","BRIDGET JONES'S DIARY","Helen","Fielding","bbc_the_big_read","29","npr_beach_books","97"
"2","124","MOBY-DICK","Herman","Melville","good_reads","81","harvard_bookstore","43"
"2","123","AN AMERICAN TRAGEDY","Theodore","Dreiser","modern_library_board","85","good_reads","38"
"2","123","COLD MOUNTAIN","Charles","Frazier","bookman_librarians","66","npr_beach_books","57"
"2","116","ALL THE KING'S MEN","Robert Penn","Warren","modern_library_board","65","good_reads","51"
"2","116","THEIR EYES WERE WATCHING GOD","Zora Neale","Hurston","good_reads","60","harvard_bookstore","56"
"2","110","EMMA","Jane","Austen","bookman_librarians","46","bbc_the_big_read","64"
"2","110","FRIED GREEN TOMATOES AT THE WHISTLE STOP CAFE","Fannie","Flagg","bookman_librarians","18","npr_beach_books","92"
"2","106","BLOOD MERIDIAN","Cormac","McCarthy","modern_library_readers","47","good_reads","59"
"2","106","SNOW FALLING ON CEDARS","David","Guterson","bookman_librarians","70","npr_beach_books","36"
"2","105","ANNE OF GREEN GABLES","LM","Montgomery","bookman_librarians","42","bbc_the_big_read","63"
"2","103","THE SECRET GARDEN","Frances Hodgson","Burnett","bookman_librarians","50","bbc_the_big_read","53"
"2","100","AS I LAY DYING","William","Faulkner","modern_library_readers","34","modern_library_board","66"
"2","99","OF HUMAN BONDAGE","W. Somerset","Maugham","modern_library_readers","64","modern_library_board","35"
"2","94","CAT'S CRADLE","Kurt","Vonnegut","npr_beach_books","32","harvard_bookstore","62"
"2","93","COLD SASSY TREE","Olive Ann","Burns","bookman_librarians","65","npr_beach_books","28"
"2","93","THE ACCIDENTAL TOURIST","Anne","Tyler","bookman_librarians","21","npr_beach_books","72"
"2","93","THE CLAN OF THE CAVE BEAR","Jean M","Auel","bookman_librarians","81","bbc_the_big_read","12"
"2","93","THE MOVIEGOER","Walker","Percy","modern_library_readers","52","modern_library_board","41"
"2","92","HEART OF DARKNESS","Joseph","Conrad","modern_library_readers","58","modern_library_board","34"
"2","92","LONESOME DOVE","Larry","McMurtry","bookman_librarians","29","npr_beach_books","63"
"2","86","THE MALTESE FALCON","Dashiell","Hammett","modern_library_board","45","good_reads","41"
"2","86","U.S.A. (TRILOGY)","John Dos","Passos","modern_library_board","78","good_reads","8"
"2","85","PERSUASION","Jane","Austen","bookman_librarians","19","bbc_the_big_read","66"
"2","82","A CLOCKWORK ORANGE","Anthony","Burgess","modern_library_readers","46","modern_library_board","36"
"2","80","A TREE GROWS IN BROOKLYN","Betty","Smith","bookman_librarians","39","npr_beach_books","41"
"2","79","A CHRISTMAS CAROL","Charles","Dickens","bookman_librarians","22","bbc_the_big_read","57"
"2","77","A PASSAGE TO INDIA","E.M.","Forster","bookman_librarians","1","modern_library_board","76"
"2","76","SOPHIE'S CHOICE","William","Styron","bookman_librarians","71","modern_library_board","5"
"2","76","THE HOUSE OF MIRTH","Edith","Wharton","modern_library_board","32","good_reads","44"
"2","71","CANNERY ROW","John","Steinbeck","npr_beach_books","20","harvard_bookstore","51"
"2","71","GOOD OMENS: THE NICE AND ACCURATE PROPHECIES OF AGNES NUTTER, WITCH","Neil","Gaiman","bbc_the_big_read","36","harvard_bookstore","35"
"2","69","TREASURE ISLAND","Robert Louis","Stevenson","bbc_the_big_read","68","npr_beach_books","1"
"2","68","INFINITE JEST","David Foster","Wallace","good_reads","56","harvard_bookstore","12"
"2","67","DEAD SOULS","Nikolai","Gogol","good_reads","40","harvard_bookstore","27"
"2","67","HOWARD'S END","E.M.","Forster","bookman_librarians","4","modern_library_board","63"
"2","64","DEATH COMES FOR THE ARCHBISHOP","Willa","Cather","modern_library_board","40","good_reads","24"
"2","64","LES MISERABLES","Victor","Hugo","bookman_librarians","60","harvard_bookstore","4"
"2","61","THE ALEXANDRIA QUARTET","Lawrence","Durrell","modern_library_board","31","good_reads","30"
"2","57","THE RECOGNITIONS","William","Gaddis","modern_library_readers","40","good_reads","17"
"2","56","ANGLE OF REPOSE","Wallace","Stegner","modern_library_board","19","npr_beach_books","37"
"2","55","THE GODFATHER","Mario","Puzo","bbc_the_big_read","13","npr_beach_books","42"
"2","52","LOVE IN THE TIME OF CHOLERA","Gabriel Garcia","Marquez","bbc_the_big_read","7","npr_beach_books","45"
"2","52","OUTLANDER","Diana","Gabaldon","bookman_librarians","28","npr_beach_books","24"
"2","51","A HOUSE FOR MR BISWAS","V.S.","Naipaul","modern_library_board","29","good_reads","22"
"2","51","V.","Thomas","Pynchon","modern_library_readers","16","good_reads","35"
"2","49","THE ADVENTURES OF AUGIE MARCH","Saul","Bellow","modern_library_board","20","good_reads","29"
"2","49","THE HUNT FOR RED OCTOBER","Tom","Clancy","modern_library_readers","20","npr_beach_books","29"
"2","45","SHOGUN","James","Clavell","bookman_librarians","32","npr_beach_books","13"
"2","44","FINNEGANS WAKE","James","Joyce","modern_library_board","24","good_reads","20"
"2","43","GILEAD","Marilynne","Robinson","good_reads","36","harvard_bookstore","7"
"2","39","THE CALL OF THE WILD","Jack","London","modern_library_readers","26","modern_library_board","13"
"2","37","A FAREWELL TO ARMS","Ernest","Hemingway","modern_library_readers","10","modern_library_board","27"
"2","36","FAHRENHEIT 451","Ray","Bradbury","bookman_librarians","12","modern_library_readers","24"
"2","36","THE SECRET HISTORY","Donna","Tartt","bbc_the_big_read","28","npr_beach_books","8"
"2","34","BLEAK HOUSE","Charles","Dickens","bookman_librarians","9","bbc_the_big_read","25"
"2","29","THE LITTLE PRINCE","Antoine De","Saint-Exupery","bookman_librarians","13","npr_beach_books","16"
"2","28","THE UNBEARABLE LIGHTNESS OF BEING","Milan","Kundera","npr_beach_books","11","harvard_bookstore","17"
"2","13","THE SHELTERING SKY","Paul","Bowles","modern_library_readers","9","modern_library_board","4"
"2","11","SOMETIMES A GREAT NOTION","Ken","Kesey","modern_library_readers","8","harvard_bookstore","3"
"1","98","BATTLEFIELD EARTH","L. Ron","Hubbard","modern_library_readers","98"
"1","98","THE KITE RUNNER","Khaled","Hosseini","npr_beach_books","98"
"1","96","THE WIND-UP BIRD CHRONICLE","Haruki","Murakami","harvard_bookstore","96"
"1","95","WINNIE THE POOH","AA","Milne","bbc_the_big_read","95"
"1","94","ANTHEM","Ayn","Rand","modern_library_readers","94"
"1","93","DARKNESS AT NOON","Arthur","Koestler","modern_library_board","93"
"1","93","WE THE LIVING","Ayn","Rand","modern_library_readers","93"
"1","92","MISSION EARTH","L. Ron","Hubbard","modern_library_readers","92"
"1","91","FEAR","L. Ron","Hubbard","modern_library_readers","91"
"1","91","THE POISONWOOD BIBLE","Barbara","Kingsolver","npr_beach_books","91"
"1","90","MISTS OF AVALON","null","Bradley","bookman_librarians","90"
"1","90","THE TIME TRAVELER'S WIFE","Audrey","Niffenegger","npr_beach_books","90"
"1","89","BIRDSONG","Sebastian","Faulks","bbc_the_big_read","89"
"1","89","LIFE OF PI","Yann","Martel","npr_beach_books","89"
"1","89","THE DIVINE COMEDY","Dante","Alighieri","harvard_bookstore","89"
"1","89","THE WAY OF ALL FLESH","Samuel","Butler","modern_library_board","89"
"1","88","KRISTIN LAVRANSDATTER","null","Undset","bookman_librarians","88"
"1","88","THE JOY LUCK CLUB","Amy","Tan","npr_beach_books","88"
"1","86","MRS. DALLOWAY","Virginia","Woolf","harvard_bookstore","86"
"1","86","THE BROTHERS KARAMAZOV","Fyodor","Dostoyevsky","good_reads","86"
"1","86","THE MOON IS A HARSH MISTRESS","Robert","Heinlein","modern_library_readers","86"
"1","85","STRANGER IN A STRANGE LAND","Robert","Heinlein","modern_library_readers","85"
"1","84","BEL CANTO","Ann","Patchett","npr_beach_books","84"
"1","83","CAPTAIN CORELLI'S MANDOLIN","Louis de","Bernieres","bbc_the_big_read","83"
"1","82","A WRINKLE IN TIME","Madeleine","L'Engle","harvard_bookstore","82"
"1","82","MIDDLESEX","Jeffrey","Eugenides","npr_beach_books","82"
"1","81","NATIVE SON","Richard","Wright","modern_library_board","81"
"1","81","WATER FOR ELEPHANTS","Sara","Gruen","npr_beach_books","81"
"1","80","GRAVITY'S RAINBOW","Thomas","Pynchon","modern_library_readers","80"
"1","80","HENDERSON THE RAIN KING","Saul","Bellow","modern_library_board","80"
"1","80","SLOUCHING TOWARDS BETHLEHEM: ESSAYS","Joan","Didion","harvard_bookstore","80"
"1","80","THE HORSE WHISPERER","null","Evans","bookman_librarians","80"
"1","80","THE METAMORPHOSIS","Franz","Kafka","good_reads","80"
"1","79","APPOINTMENT IN SAMARRA","John","O'Hara","modern_library_board","79"
"1","79","DON QUIXOTE","Miguel","de Cervantes Saavedra","good_reads","79"
"1","79","IF ON A WINTER'S NIGHT A TRAVELER","Italo","Calvino","harvard_bookstore","79"
"1","78","THE NO. 1 LADIES' DETECTIVE AGENCY","Alexander McCall","Smith","npr_beach_books","78"
"1","77","POSSESSION","null","Byatt","bookman_librarians","77"
"1","77","WINESBURG, OHIO","Sherwood","Anderson","modern_library_board","77"
"1","75","FOLLOW THE RIVER","null","Thom","bookman_librarians","75"
"1","75","SHANE","Jack","Schaefer","modern_library_readers","75"
"1","75","THE WINGS OF THE DOVE","Henry","James","modern_library_board","75"
"1","74","DUBLINERS","James","Joyce","harvard_bookstore","74"
"1","74","LIKE WATER FOR CHOCOLATE","Laura","Esquivel","npr_beach_books","74"
"1","74","THE AMBASSADORS","Henry","James","modern_library_board","74"
"1","74","TRUSTEE FROM THE TOOLROOM","Nevil","Shute","modern_library_readers","74"
"1","73","ALL QUIET ON THE WESTERN FRONT","Erich Maria","Remarque","good_reads","73"
"1","73","TENDER IS THE NIGHT","F. Scott","Fitzgerald","modern_library_board","73"
"1","73","THE PRINCESS BRIDE","William","Goldman","npr_beach_books","73"
"1","73","THE STORY OF TRACY BEAKER","Jacqueline","Wilson","bbc_the_big_read","73"
"1","72","CANDIDE","Voltaire","Voltaire","good_reads","72"
"1","72","SEA OF POPPIES","Amitav","Ghosh","harvard_bookstore","72"
"1","72","THE STUDS LONIGAN TRILOGY","James T.","Farrell","modern_library_board","72"
"1","71","THE FRENCH LIEUTENANT'S WOMAN","John","Fowles","modern_library_readers","71"
"1","71","THE GOOD SOLDIER","Ford Madox","Ford","modern_library_board","71"
"1","71","TWILIGHT","Stephenie","Meyer","npr_beach_books","71"
"1","71","WHITE NOISE","Don","DeLillo","harvard_bookstore","71"
"1","70","MOUNTAINS BEYOND MOUNTAINS: THE QUEST OF DR. PAUL FARMER, A MAN WHO WOULD CURE THE WORLD","Tracy","Kidder","harvard_bookstore","70"
"1","69","CHARLIE AND THE CHOCOLATE FACTORY","Roald","Dahl","bbc_the_big_read","69"
"1","69","THE GOLDEN BOWL","Henry","James","modern_library_board","69"
"1","69","THE WORM OUROBOROS","E.R.","Eddison","modern_library_readers","69"
"1","68","SISTER CARRIE","Theodore","Dreiser","modern_library_board","68"
"1","68","THE RED TENT","Anita","Diamant","npr_beach_books","68"
"1","67","A HANDFUL OF DUST","Evelyn","Waugh","modern_library_board","67"
"1","67","BEACH MUSIC","Pat","Conroy","npr_beach_books","67"
"1","67","THE GIVER","Lois","Lowry","bookman_librarians","67"
"1","66","MOONHEART","Charles de","Lint","modern_library_readers","66"
"1","66","THE PLAGUE","Albert","Camus","good_reads","66"
"1","65","ABSALOM, ABSALOM!","William","Faulkner","modern_library_readers","65"
"1","64","A WIZARD OF EARTHSEA","Ursula K. Le","Guin","harvard_bookstore","64"
"1","64","THE BRIDGE OF SAN LUIS REY","Thornton","Wilder","modern_library_board","64"
"1","64","THINGS FALL APART","Chinua","Achebe","good_reads","64"
"1","63","A MOVEABLE FEAST","Ernest","Hemingway","harvard_bookstore","63"
"1","63","BRIDGE TO TEREBITHIA","null","Paterson","bookman_librarians","63"
"1","63","WISE BLOOD","Flannery","O'Connor","modern_library_readers","63"
"1","62","DINNER AT THE HOMESICK RESTAURANT","null","Tyler","bookman_librarians","62"
"1","62","GO TELL IT ON THE MOUNTAIN","James","Baldwin","modern_library_board","62"
"1","61","FIFTH BUSINESS","Robertson","Davies","modern_library_readers","61"
"1","61","THE HEART OF THE MATTER","Graham","Greene","modern_library_board","61"
"1","60","SOMEPLACE TO BE FLYING","Charles de","Lint","modern_library_readers","60"
"1","60","THE HISTORIES","Herodotus","Herodotus","harvard_bookstore","60"
"1","59","DELIVERANCE","James","Dickey","modern_library_board","59"
"1","58","A DANCE TO THE MUSIC OF TIME (SERIES)","Anthony","Powell","modern_library_board","58"
"1","58","A WILD SHEEP CHASE","Haruki","Murakami","harvard_bookstore","58"
"1","58","INTERVIEW WITH THE VAMPIRE","Anne","Rice","npr_beach_books","58"
"1","57","POINT COUNTER POINT","Aldous","Huxley","modern_library_board","57"
"1","57","YARROW","Charles de","Lint","modern_library_readers","57"
"1","56","AT THE MOUNTAINS OF MADNESS","H.P.","Lovecraft","modern_library_readers","56"
"1","56","EMPIRE FALLS","Richard","Russo","npr_beach_books","56"
"1","56","FAR FROM THE MADDING CROWD","Thomas","Hardy","bbc_the_big_read","56"
"1","55","GOODNIGHT MISTER TOM","Michelle","Magorian","bbc_the_big_read","55"
"1","55","IN SEARCH OF LOST TIME","Marcel","Proust","good_reads","55"
"1","55","ONE LONELY NIGHT","Mickey","Spillane","modern_library_readers","55"
"1","55","THE PHANTOM TOLLBOOTH","Norton","Juster","harvard_bookstore","55"
"1","55","THE SECRET AGENT","Joseph","Conrad","modern_library_board","55"
"1","55","UNDER THE TUSCAN SUN","Frances","Mayes","npr_beach_books","55"
"1","54","BLINDNESS","José","Saramago","good_reads","54"
"1","54","HOUSEKEEPING: A NOVEL","Marilynne","Robinson","harvard_bookstore","54"
"1","54","MEMORY AND DREAM","Charles de","Lint","modern_library_readers","54"
"1","54","NOSTROMO","Joseph","Conrad","modern_library_board","54"
"1","53","DEALING WITH DRAGONS: THE ENCHANTED FOREST CHRONICLES","Patricia C.","Wrede","harvard_bookstore","53"
"1","53","EVEN COWGIRLS GET THE BLUES","Tom","Robbins","npr_beach_books","53"
"1","53","THE RAINBOW","D.H.","Lawrence","modern_library_board","53"
"1","53","VANITY FAIR","William Makepeace","Thackeray","good_reads","53"
"1","52","BEN HUR","null","Wallace","bookman_librarians","52"
"1","52","I KNOW THIS MUCH IS TRUE","Wally","Lamb","npr_beach_books","52"
"1","52","THE BELL JAR","Sylvia","Plath","harvard_bookstore","52"
"1","52","WOMEN IN LOVE","D.H.","Lawrence","modern_library_board","52"
"1","51","AND THEN THERE WERE NONE","null","Christie","bookman_librarians","51"
"1","51","MURDER ON THE ORIENT EXPRESS","Agatha","Christie","npr_beach_books","51"
"1","51","TRADER","Charles de","Lint","modern_library_readers","51"
"1","50","HARD-BOILED WONDERLAND AND THE END OF THE WORLD","Haruki","Murakami","harvard_bookstore","50"
"1","50","THE AWAKENING","Kate","Chopin","good_reads","50"
"1","50","THE NAKED AND THE DEAD","Norman","Mailer","modern_library_board","50"
"1","49","A SUITABLE BOY","Vikram","Seth","bbc_the_big_read","49"
"1","49","PORTNOY'S COMPLAINT","Philip","Roth","modern_library_board","49"
"1","49","RAISE HIGH THE ROOF BEAM, CARPENTERS AND SEYMOUR: AN INTRODUCTION","J. D.","Salinger","harvard_bookstore","49"
"1","49","ROLL OF THUNDER, HEAR MY CRY","null","Taylor","bookman_librarians","49"
"1","48","BUSMAN'S HONEYMOON","null","Sayers","bookman_librarians","48"
"1","48","SHE'S COME UNDONE","Wally","Lamb","npr_beach_books","48"
"1","48","THE BFG","Roald","Dahl","bbc_the_big_read","48"
"1","48","THE BOOK OF THE NEW SUN","Gene","Wolfe","harvard_bookstore","48"
"1","48","THE TIN DRUM","Günter","Grass","good_reads","48"
"1","47","SCHINDLER'S LIST","null","Keneally","bookman_librarians","47"
"1","47","SWALLOWS AND AMAZONS","Arthur","Ransome","bbc_the_big_read","47"
"1","46","BLACK BEAUTY","Anna","Sewell","bbc_the_big_read","46"
"1","46","THE GUERNSEY LITERARY AND POTATO PEEL PIE SOCIETY","Mary Ann Shaffer and Annie","Barrows","npr_beach_books","46"
"1","46","WATCHMEN","Alan","Moore","harvard_bookstore","46"
"1","45","ARTEMIS FOWL","Eoin","Colfer","bbc_the_big_read","45"
"1","45","ON THE BEACH","Nevil","Shute","modern_library_readers","45"
"1","45","THE COLOR PURPLE","null","Walker","bookman_librarians","45"
"1","45","THE COMPLETE STORIES","Flannery","O'Connor","harvard_bookstore","45"
"1","45","THE MAGIC MOUNTAIN","Thomas","Mann","good_reads","45"
"1","44","ORLANDO: A BIOGRAPHY","Virginia","Woolf","harvard_bookstore","44"
"1","44","PARADE'S END","Ford Madox","Ford","modern_library_board","44"
"1","43","CHARLOTTE'S WEB","null","White","bookman_librarians","43"
"1","43","GREENMANTLE","Charles de","Lint","modern_library_readers","43"
"1","43","NOUGHTS AND CROSSES","Malorie","Blackman","bbc_the_big_read","43"
"1","42","HIGH FIDELITY","Nick","Hornby","harvard_bookstore","42"
"1","42","MEMOIRS OF A GEISHA","Arthur","Golden","bbc_the_big_read","42"
"1","42","ZULEIKA DOBSON","Max","Beerbohm","modern_library_board","42"
"1","41","THE LITTLE COUNTRY","Charles de","Lint","modern_library_readers","41"
"1","40","ANIMAL DREAMS","Barbara","Kingsolver","npr_beach_books","40"
"1","40","HALF OF A YELLOW SUN","Chimamanda Ngozi","Adichie","harvard_bookstore","40"
"1","40","LADY CHATTERLY'S LOVER","null","Lawrence","bookman_librarians","40"
"1","39","FROM HERE TO ETERNITY","James","Jones","modern_library_board","39"
"1","39","JAWS","Peter","Benchley","npr_beach_books","39"
"1","39","MORT","Terry","Pratchett","bbc_the_big_read","39"
"1","39","STARSHIP TROOPERS","Robert","Heinlein","modern_library_readers","39"
"1","39","THE BRIEF WONDROUS LIFE OF OSCAR WAO","Junot","Díaz","harvard_bookstore","39"
"1","39","THE LIFE AND OPINIONS OF TRISTRAM SHANDY, GENTLEMAN","Laurence","Sterne","good_reads","39"
"1","38","GOOD IN BED","Jennifer","Weiner","npr_beach_books","38"
"1","38","THE MAGIC FARAWAY TREE","Enid","Blyton","bbc_the_big_read","38"
"1","38","THE STRANGER","Albert","Camus","harvard_bookstore","38"
"1","38","THE WAPSHOT CHRONICLES","John","Cheever","modern_library_board","38"
"1","37","THE HISTORY OF TOM JONES, A FOUNDLING","Henry","Fielding","good_reads","37"
"1","37","THE ONCE AND FUTURE KING","null","White","bookman_librarians","37"
"1","36","DIARY OF A YOUNG GIRL","Anne","Frank","harvard_bookstore","36"
"1","36","SOMETHING WICKED THIS WAY COMES","Ray","Bradbury","modern_library_readers","36"
"1","35","GUARDS! GUARDS!","Terry","Pratchett","bbc_the_big_read","35"
"1","35","THE HAUNTING OF HILL HOUSE","Shirley","Jackson","modern_library_readers","35"
"1","34","A PATCHWORK PLANET","null","Tyler","bookman_librarians","34"
"1","34","MOLLOY","Samuel","Beckett","good_reads","34"
"1","33","CAT'S EYE","Margaret","Atwood","good_reads","33"
"1","33","GAUDY NIGHT","null","Sayers","bookman_librarians","33"
"1","33","MAIN STREET","Sinclair","Lewis","modern_library_board","33"
"1","33","PERFUME","Patrick","Suskind","bbc_the_big_read","33"
"1","32","CANCER WARD","Aleksandr","Solzhenitsyn","good_reads","32"
"1","32","ENORMOUS CHANGES AT THE LAST MINUTE","Grace","Paley","harvard_bookstore","32"
"1","32","THE RAGGED TROUSERED PHILANTHROPISTS","Robert","Tressell","bbc_the_big_read","32"
"1","31","HAROUN AND THE SEA OF STORIES","Salman","Rushdie","harvard_bookstore","31"
"1","31","NIGHT WATCH","Terry","Pratchett","bbc_the_big_read","31"
"1","31","THE BIG SLEEP","Raymond","Chandler","npr_beach_books","31"
"1","31","THE WOOD WIFE","Terri","Windling","modern_library_readers","31"
"1","30","A HIGH WIND IN JAMAICA","Richard","Hughes","modern_library_board","30"
"1","30","MATILDA","Roald","Dahl","bbc_the_big_read","30"
"1","30","YOU SHALL KNOW OUR VELOCITY","Dave","Eggers","harvard_bookstore","30"
"1","29","BAUDOLINO","Umberto","Eco","harvard_bookstore","29"
"1","29","THE DOOR INTO SUMMER","Robert","Heinlein","modern_library_readers","29"
"1","28","BEEN DOWN SO LONG IT LOOKS LIKE UP TO ME","Richard","Farina","harvard_bookstore","28"
"1","28","LOST ILLUSIONS","Honoré de","Balzac","good_reads","28"
"1","28","THE DAY OF THE LOCUST","Nathanael","West","modern_library_board","28"
"1","28","ZEN AND THE ART OF MOTORCYCLE MAINTENANCE","Robert","Pirsig","modern_library_readers","28"
"1","27","PIGS IN HEAVEN","null","Kingsolver","bookman_librarians","27"
"1","27","THE WOMAN IN WHITE","Wilkie","Collins","bbc_the_big_read","27"
"1","26","BONFIRE OF THE VANITIES","Tom","Wolfe","npr_beach_books","26"
"1","26","SCOOP","Evelyn","Waugh","modern_library_board","26"
"1","26","THE FORSYTE SAGA","John","Galsworthy","good_reads","26"
"1","25","AT SWIM-TWO-BIRDS","Flann","O'Brien","modern_library_readers","25"
"1","25","IN OUR TIME","Ernest","Hemingway","harvard_bookstore","25"
"1","25","JUDE THE OBSCURE","null","Hardy","bookman_librarians","25"
"1","25","RABBIT ANGSTROM: THE FOUR NOVELS","John","Updike","good_reads","25"
"1","25","THE PRIME OF MISS JEAN BRODIE","Muriel","Spark","modern_library_board","25"
"1","24","DOUBLE ACT","Jacqueline","Wilson","bbc_the_big_read","24"
"1","24","JAYBER CROW: A NOVEL","Wendell","Berry","harvard_bookstore","24"
"1","24","TIME AND AGAIN","null","Finney","bookman_librarians","24"
"1","23","ARROWSMITH","Sinclair","Lewis","modern_library_readers","23"
"1","23","KIM","Rudyard","Kipling","modern_library_board","23"
"1","23","LITTLE, BIG","John","Crowley","harvard_bookstore","23"
"1","23","MISERY","null","King","bookman_librarians","23"
"1","23","THE SOT-WEED FACTOR","John","Barth","good_reads","23"
"1","23","THE TWITS","Roald","Dahl","bbc_the_big_read","23"
"1","22","A ROOM WITH A VIEW","E.M.","Forster","modern_library_board","22"
"1","22","I CAPTURE THE CASTLE","Dodie","Smith","bbc_the_big_read","22"
"1","22","POPOL VUH: THE MAYAN BOOK OF THE DAWN OF LIFE","Dennis","Tedlock","harvard_bookstore","22"
"1","22","PRODIGAL SUMMER","Barbara","Kingsolver","npr_beach_books","22"
"1","21","EYE OF THE NEEDLE","Ken","Follett","npr_beach_books","21"
"1","21","HOLES","Louis","Sachar","bbc_the_big_read","21"
"1","21","NAKED LUNCH","William S.","Burroughs","modern_library_readers","21"
"1","21","THE LEFT HAND OF DARKNESS","Ursula K. Le","Guin","harvard_bookstore","21"
"1","21","THERESE RAQUIN","Émile","Zola","good_reads","21"
"1","20","GIANTS IN THE EARTH","Ole","Rolvaag","bookman_librarians","20"
"1","20","GORMENGHAST","Mervyn","Peake","bbc_the_big_read","20"
"1","20","THE MERRY ADVENTURES OF ROBIN HOOD","Howard","Pyle","harvard_bookstore","20"
"1","19","BRIDGE OF SIGHS","Richard","Russo","good_reads","19"
"1","19","GUILTY PLEASURES","Laurell K.","Hamilton","modern_library_readers","19"
"1","19","THE GOD OF SMALL THINGS","Arundhati","Roy","bbc_the_big_read","19"
"1","19","THE PILOT'S WIFE","Anita","Shreve","npr_beach_books","19"
"1","19","THE RAZOR'S EDGE","W. Somerset","Maugham","harvard_bookstore","19"
"1","18","A BEND IN THE RIVER","V.S.","Naipaul","modern_library_board","18"
"1","18","ADAM BEDE","George","Eliot","good_reads","18"
"1","18","ALL THE PRETTY HORSES","Cormac","McCarthy","npr_beach_books","18"
"1","18","THE PUPPET MASTERS","Robert","Heinlein","modern_library_readers","18"
"1","18","THE SEA, THE SEA","Iris","Murdoch","harvard_bookstore","18"
"1","18","VICKY ANGEL","Jacqueline","Wilson","bbc_the_big_read","18"
"1","17","IT","Stephen","King","modern_library_readers","17"
"1","17","THE DEATH OF THE HEART","Elizabeth","Bowen","modern_library_board","17"
"1","17","THE GIRL WITH THE DRAGON TATTOO","Stieg","Larsson","npr_beach_books","17"
"1","17","TISHA: THE STORY OF A YOUNG TEACHER IN THE ALASKAN WILDERNESS","Robert","Specht","bookman_librarians","17"
"1","16","COLD COMFORT FARM","Stella","Gibbons","bbc_the_big_read","16"
"1","16","LORD JIM","Joseph","Conrad","modern_library_board","16"
"1","16","THE BONE PEOPLE","Keri","Hulme","harvard_bookstore","16"
"1","16","THE VICAR OF WAKEFIELD","Oliver","Goldsmith","good_reads","16"
"1","15","CHRISTY","null","Marshall","bookman_librarians","15"
"1","15","DOUBLE STAR","Robert","Heinlein","modern_library_readers","15"
"1","15","MAGICIAN","Raymond E","Feist","bbc_the_big_read","15"
"1","15","NINE STORIES","J.D.","Salinger","harvard_bookstore","15"
"1","15","RAGTIME","E.L.","Doctorow","modern_library_board","15"
"1","15","THE ROAD","Cormac","McCarthy","npr_beach_books","15"
"1","14","CITIZEN OF THE GALAXY","Robert","Heinlein","modern_library_readers","14"
"1","14","DROWN","Junot","Diaz","harvard_bookstore","14"
"1","14","LOST HORIZON","null","Hilton","bookman_librarians","14"
"1","14","ONE FOR THE MONEY","Janet","Evanovich","npr_beach_books","14"
"1","14","THE OLD WIVES' TALE","Arnold","Bennett","modern_library_board","14"
"1","14","THE TALE OF GENJI","Murasaki","Shikibu","good_reads","14"
"1","13","HAMLET","William","Shakespeare","harvard_bookstore","13"
"1","13","LIFE AND FATE","Vasily","Grossman","good_reads","13"
"1","12","DRACULA","Bram","Stoker","npr_beach_books","12"
"1","12","LOVING","Henry","Green","modern_library_board","12"
"1","12","MASON AND DIXON","Thomas","Pynchon","good_reads","12"
"1","11","JAZZ","Toni","Morrison","good_reads","11"
"1","11","ONE FLEW OVER THE CUCKOO'S NEST","Ken","Kesey","modern_library_readers","11"
"1","11","THE COLOUR OF MAGIC","Terry","Pratchett","bbc_the_big_read","11"
"1","10","FRANKENSTEIN","null","Shelley","bookman_librarians","10"
"1","10","PRESUMED INNOCENT","Scott","Turow","npr_beach_books","10"
"1","10","THE ALCHEMIST","Paulo","Coelho","bbc_the_big_read","10"
"1","10","THE BLUE SWORD","Robin","McKinley","harvard_bookstore","10"
"1","10","THE TENTH MAN","Graham","Greene","good_reads","10"
"1","10","TOBACCO ROAD","Erskine","Caldwell","modern_library_board","10"
"1","9","FRANNY AND ZOOEY","J.D.","Salinger","npr_beach_books","9"
"1","9","HUMBOLDT'S GIFT","Saul","Bellow","good_reads","9"
"1","9","IRONWEED","William","Kennedy","modern_library_board","9"
"1","9","KATHERINE","Anya","Seton","bbc_the_big_read","9"
"1","9","THE ODYSSEY","Homer","Homer","harvard_bookstore","9"
"1","8","BOY'S LIFE","null","McCammon","bookman_librarians","8"
"1","8","KANE AND ABEL","Jeffrey","Archer","bbc_the_big_read","8"
"1","8","SONG OF SOLOMON","Toni","Morrison","harvard_bookstore","8"
"1","7","CHESAPEAKE","null","Michener","bookman_librarians","7"
"1","7","DEAD UNTIL DARK","Charlaine","Harris","npr_beach_books","7"
"1","7","JR","William","Gaddis","good_reads","7"
"1","7","WIDE SARGASSO SEA","Jean","Rhys","modern_library_board","7"
"1","6","A LITTLE PRINCESS","Frances Hodgson","Burnett","harvard_bookstore","6"
"1","6","GIRLS IN LOVE","Jacqueline","Wilson","bbc_the_big_read","6"
"1","6","MULENGRO","Charles de","Lint","modern_library_readers","6"
"1","6","SUMMER SISTERS","Judy","Blume","npr_beach_books","6"
"1","6","THE TUNNEL","William H.","Gass","good_reads","6"
"1","6","UNDER THE NET","Iris","Murdoch","modern_library_board","6"
"1","5","A PEOPLE'S HISTORY OF THE UNITED STATES","Howard","Zinn","harvard_bookstore","5"
"1","5","DARCONVILLE’S CAT","Alexander","Theroux","good_reads","5"
"1","5","HOW GREEN WAS MY VALLEY","null","Llewellyn","bookman_librarians","5"
"1","5","SUTTREE","Cormac","McCarthy","modern_library_readers","5"
"1","5","THE PRINCESS DIARIES","Meg","Cabot","bbc_the_big_read","5"
"1","5","THE SHINING","Stephen","King","npr_beach_books","5"
"1","4","HOW STELLA GOT HER GROOVE BACK","Terry","McMillan","npr_beach_books","4"
"1","4","MYTHAGO WOOD","Robert","Holdstock","modern_library_readers","4"
"1","4","THE DEATH OF VIRGIL","Hermann","Broch","good_reads","4"
"1","3","ILLUSIONS","Richard","Bach","modern_library_readers","3"
"1","3","I, ROBOT","null","Asimov","bookman_librarians","3"
"1","3","LAMB","Christopher","Moore","npr_beach_books","3"
"1","3","THE DIVINERS","Margaret","Laurence","good_reads","3"
"1","3","THE POSTMAN ALWAYS RINGS TWICE","James M.","Cain","modern_library_board","3"
"1","2","CLOUD ATLAS","David","Mitchell","harvard_bookstore","2"
"1","2","MEDITATION ON SPACE-TIME","Leonard","Seet","good_reads","2"
"1","2","SICK PUPPY","Carl","Hiaasen","npr_beach_books","2"
"1","2","THE CUNNING MAN","Robertson","Davies","modern_library_readers","2"
"1","2","THE GINGER MAN","J.P.","Donleavy","modern_library_board","2"
"1","1","LEAVES OF GRASS","Walt","Whitman","harvard_bookstore","1"
"1","1","THE DESTINIES OF DARCY DANCER, GENTLEMAN","J.P.","Donleavy","good_reads","1"
"1","1","THE MAGNIFICENT AMBERSONS","Booth","Tarkington","modern_library_board","1"
"1","1","THE SATANIC VERSES","Salman","Rushdie","modern_library_readers","1"
